model,MAE,RMSE,MAPE_%
XGBoost (features+lags),124.22046042814995,175.71854168936085,0.8390742549768493
LSTM (past load only),134.3601531982422,188.58370157571943,0.9088606834411621
