{
  "MAE": 124.22966388468932,
  "RMSE": 206.45413126614858,
  "MAPE": 0.8533046715148416
}